model,dim,tokens,sim_12,sim_13,est_cost_usd
openai_small,1536,32,0.8134665984944208,0.1420959941491212,6.4e-05
openai_large,3072,32,0.8489813746142088,0.23328539533117304,0.000192
google,768,,0.8028750756225743,0.3913698016432841,6.84e-05
