model,dim,tokens,sim_12,sim_13,est_cost_usd
openai_small,1536,32,0.8134646480557338,0.14211045677677278,6.4e-07
openai_large,3072,32,0.8489813746142088,0.23328539533117304,4.16e-06
google,3072,24,0.8846301885881611,0.5312752060894352,3.6e-06
